nome,email,idade
Pessoa1,pessoa1@email.com,59
Pessoa2,pessoa2@email.com,62
Pessoa3,pessoa3@email.com,53
Pessoa4,pessoa4@email.com,30
Pessoa5,pessoa5@email.com,19
Pessoa6,pessoa6@email.com,61
Pessoa7,pessoa7@email.com,53
Pessoa8,pessoa8@email.com,42
Pessoa9,pessoa9@email.com,51
Pessoa10,pessoa10@email.com,34
Pessoa11,pessoa11@email.com,54
Pessoa12,pessoa12@email.com,20
Pessoa13,pessoa13@email.com,27
Pessoa14,pessoa14@email.com,28
Pessoa15,pessoa15@email.com,37
Pessoa16,pessoa16@email.com,64
Pessoa17,pessoa17@email.com,61
Pessoa18,pessoa18@email.com,30
Pessoa19,pessoa19@email.com,54
Pessoa20,pessoa20@email.com,25
Pessoa21,pessoa21@email.com,36
Pessoa22,pessoa22@email.com,47
Pessoa23,pessoa23@email.com,43
Pessoa24,pessoa24@email.com,63
Pessoa25,pessoa25@email.com,62
Pessoa26,pessoa26@email.com,37
Pessoa27,pessoa27@email.com,26
Pessoa28,pessoa28@email.com,42
Pessoa29,pessoa29@email.com,62
Pessoa30,pessoa30@email.com,46
Pessoa31,pessoa31@email.com,32
Pessoa32,pessoa32@email.com,20
Pessoa33,pessoa33@email.com,34
Pessoa34,pessoa34@email.com,53
Pessoa35,pessoa35@email.com,37
Pessoa36,pessoa36@email.com,28
Pessoa37,pessoa37@email.com,22
Pessoa38,pessoa38@email.com,47
Pessoa39,pessoa39@email.com,59
Pessoa40,pessoa40@email.com,47
Pessoa41,pessoa41@email.com,24
Pessoa42,pessoa42@email.com,48
Pessoa43,pessoa43@email.com,56
Pessoa44,pessoa44@email.com,57
Pessoa45,pessoa45@email.com,43
Pessoa46,pessoa46@email.com,31
Pessoa47,pessoa47@email.com,50
Pessoa48,pessoa48@email.com,63
Pessoa49,pessoa49@email.com,23
Pessoa50,pessoa50@email.com,25
Pessoa51,pessoa51@email.com,44
Pessoa52,pessoa52@email.com,23
Pessoa53,pessoa53@email.com,64
Pessoa54,pessoa54@email.com,28
Pessoa55,pessoa55@email.com,42
Pessoa56,pessoa56@email.com,39
Pessoa57,pessoa57@email.com,26
Pessoa58,pessoa58@email.com,28
Pessoa59,pessoa59@email.com,26
Pessoa60,pessoa60@email.com,48
Pessoa61,pessoa61@email.com,38
Pessoa62,pessoa62@email.com,24
Pessoa63,pessoa63@email.com,19
Pessoa64,pessoa64@email.com,65
Pessoa65,pessoa65@email.com,34
Pessoa66,pessoa66@email.com,28
Pessoa67,pessoa67@email.com,30
Pessoa68,pessoa68@email.com,32
Pessoa69,pessoa69@email.com,58
Pessoa70,pessoa70@email.com,50
Pessoa71,pessoa71@email.com,43
Pessoa72,pessoa72@email.com,29
Pessoa73,pessoa73@email.com,38
Pessoa74,pessoa74@email.com,20
Pessoa75,pessoa75@email.com,44
Pessoa76,pessoa76@email.com,44
Pessoa77,pessoa77@email.com,61
Pessoa78,pessoa78@email.com,32
Pessoa79,pessoa79@email.com,54
Pessoa80,pessoa80@email.com,58
Pessoa81,pessoa81@email.com,32
Pessoa82,pessoa82@email.com,35
Pessoa83,pessoa83@email.com,64
Pessoa84,pessoa84@email.com,41
Pessoa85,pessoa85@email.com,62
Pessoa86,pessoa86@email.com,59
Pessoa87,pessoa87@email.com,40
Pessoa88,pessoa88@email.com,26
Pessoa89,pessoa89@email.com,50
Pessoa90,pessoa90@email.com,23
Pessoa91,pessoa91@email.com,40
Pessoa92,pessoa92@email.com,26
Pessoa93,pessoa93@email.com,59
Pessoa94,pessoa94@email.com,30
Pessoa95,pessoa95@email.com,32
Pessoa96,pessoa96@email.com,50
Pessoa97,pessoa97@email.com,36
Pessoa98,pessoa98@email.com,31
Pessoa99,pessoa99@email.com,52
Pessoa100,pessoa100@email.com,44
Pessoa101,pessoa101@email.com,31
Pessoa102,pessoa102@email.com,60
Pessoa103,pessoa103@email.com,34
Pessoa104,pessoa104@email.com,38
Pessoa105,pessoa105@email.com,35
Pessoa106,pessoa106@email.com,18
Pessoa107,pessoa107@email.com,30
Pessoa108,pessoa108@email.com,49
Pessoa109,pessoa109@email.com,35
Pessoa110,pessoa110@email.com,24
Pessoa111,pessoa111@email.com,32
Pessoa112,pessoa112@email.com,25
Pessoa113,pessoa113@email.com,50
Pessoa114,pessoa114@email.com,31
Pessoa115,pessoa115@email.com,19
Pessoa116,pessoa116@email.com,47
Pessoa117,pessoa117@email.com,21
Pessoa118,pessoa118@email.com,65
Pessoa119,pessoa119@email.com,64
Pessoa120,pessoa120@email.com,50
Pessoa121,pessoa121@email.com,38
Pessoa122,pessoa122@email.com,41
Pessoa123,pessoa123@email.com,43
Pessoa124,pessoa124@email.com,46
Pessoa125,pessoa125@email.com,29
Pessoa126,pessoa126@email.com,36
Pessoa127,pessoa127@email.com,42
Pessoa128,pessoa128@email.com,40
Pessoa129,pessoa129@email.com,30
Pessoa130,pessoa130@email.com,39
Pessoa131,pessoa131@email.com,22
Pessoa132,pessoa132@email.com,30
Pessoa133,pessoa133@email.com,52
Pessoa134,pessoa134@email.com,55
Pessoa135,pessoa135@email.com,26
Pessoa136,pessoa136@email.com,32
Pessoa137,pessoa137@email.com,49
Pessoa138,pessoa138@email.com,47
Pessoa139,pessoa139@email.com,63
Pessoa140,pessoa140@email.com,24
Pessoa141,pessoa141@email.com,25
Pessoa142,pessoa142@email.com,37
Pessoa143,pessoa143@email.com,58
Pessoa144,pessoa144@email.com,62
Pessoa145,pessoa145@email.com,53
Pessoa146,pessoa146@email.com,43
Pessoa147,pessoa147@email.com,56
Pessoa148,pessoa148@email.com,41
Pessoa149,pessoa149@email.com,21
Pessoa150,pessoa150@email.com,62
Pessoa151,pessoa151@email.com,54
Pessoa152,pessoa152@email.com,58
Pessoa153,pessoa153@email.com,60
Pessoa154,pessoa154@email.com,23
Pessoa155,pessoa155@email.com,32
Pessoa156,pessoa156@email.com,43
Pessoa157,pessoa157@email.com,38
Pessoa158,pessoa158@email.com,24
Pessoa159,pessoa159@email.com,27
Pessoa160,pessoa160@email.com,51
Pessoa161,pessoa161@email.com,32
Pessoa162,pessoa162@email.com,41
Pessoa163,pessoa163@email.com,27
Pessoa164,pessoa164@email.com,40
Pessoa165,pessoa165@email.com,57
Pessoa166,pessoa166@email.com,54
Pessoa167,pessoa167@email.com,50
Pessoa168,pessoa168@email.com,34
Pessoa169,pessoa169@email.com,41
Pessoa170,pessoa170@email.com,48
Pessoa171,pessoa171@email.com,55
Pessoa172,pessoa172@email.com,54
Pessoa173,pessoa173@email.com,18
Pessoa174,pessoa174@email.com,64
Pessoa175,pessoa175@email.com,57
Pessoa176,pessoa176@email.com,65
Pessoa177,pessoa177@email.com,28
Pessoa178,pessoa178@email.com,19
Pessoa179,pessoa179@email.com,24
Pessoa180,pessoa180@email.com,41
Pessoa181,pessoa181@email.com,35
Pessoa182,pessoa182@email.com,25
Pessoa183,pessoa183@email.com,56
Pessoa184,pessoa184@email.com,24
Pessoa185,pessoa185@email.com,46
Pessoa186,pessoa186@email.com,19
Pessoa187,pessoa187@email.com,28
Pessoa188,pessoa188@email.com,58
Pessoa189,pessoa189@email.com,18
Pessoa190,pessoa190@email.com,19
Pessoa191,pessoa191@email.com,64
Pessoa192,pessoa192@email.com,62
Pessoa193,pessoa193@email.com,62
Pessoa194,pessoa194@email.com,36
Pessoa195,pessoa195@email.com,61
Pessoa196,pessoa196@email.com,24
Pessoa197,pessoa197@email.com,45
Pessoa198,pessoa198@email.com,56
Pessoa199,pessoa199@email.com,34
Pessoa200,pessoa200@email.com,25
Pessoa201,pessoa201@email.com,33
Pessoa202,pessoa202@email.com,45
Pessoa203,pessoa203@email.com,45
Pessoa204,pessoa204@email.com,18
Pessoa205,pessoa205@email.com,52
Pessoa206,pessoa206@email.com,54
Pessoa207,pessoa207@email.com,64
Pessoa208,pessoa208@email.com,32
Pessoa209,pessoa209@email.com,32
Pessoa210,pessoa210@email.com,57
Pessoa211,pessoa211@email.com,43
Pessoa212,pessoa212@email.com,35
Pessoa213,pessoa213@email.com,47
Pessoa214,pessoa214@email.com,60
Pessoa215,pessoa215@email.com,43
Pessoa216,pessoa216@email.com,44
Pessoa217,pessoa217@email.com,42
Pessoa218,pessoa218@email.com,20
Pessoa219,pessoa219@email.com,20
Pessoa220,pessoa220@email.com,22
Pessoa221,pessoa221@email.com,34
Pessoa222,pessoa222@email.com,19
Pessoa223,pessoa223@email.com,64
Pessoa224,pessoa224@email.com,43
Pessoa225,pessoa225@email.com,65
Pessoa226,pessoa226@email.com,55
Pessoa227,pessoa227@email.com,61
Pessoa228,pessoa228@email.com,45
Pessoa229,pessoa229@email.com,18
Pessoa230,pessoa230@email.com,20
Pessoa231,pessoa231@email.com,47
Pessoa232,pessoa232@email.com,45
Pessoa233,pessoa233@email.com,40
Pessoa234,pessoa234@email.com,35
Pessoa235,pessoa235@email.com,49
Pessoa236,pessoa236@email.com,31
Pessoa237,pessoa237@email.com,56
Pessoa238,pessoa238@email.com,32
Pessoa239,pessoa239@email.com,38
Pessoa240,pessoa240@email.com,32
Pessoa241,pessoa241@email.com,35
Pessoa242,pessoa242@email.com,21
Pessoa243,pessoa243@email.com,62
Pessoa244,pessoa244@email.com,44
Pessoa245,pessoa245@email.com,28
Pessoa246,pessoa246@email.com,48
Pessoa247,pessoa247@email.com,33
Pessoa248,pessoa248@email.com,61
Pessoa249,pessoa249@email.com,41
Pessoa250,pessoa250@email.com,37
Pessoa251,pessoa251@email.com,48
Pessoa252,pessoa252@email.com,39
Pessoa253,pessoa253@email.com,24
Pessoa254,pessoa254@email.com,31
Pessoa255,pessoa255@email.com,62
Pessoa256,pessoa256@email.com,63
Pessoa257,pessoa257@email.com,55
Pessoa258,pessoa258@email.com,62
Pessoa259,pessoa259@email.com,54
Pessoa260,pessoa260@email.com,60
Pessoa261,pessoa261@email.com,37
Pessoa262,pessoa262@email.com,40
Pessoa263,pessoa263@email.com,62
Pessoa264,pessoa264@email.com,51
Pessoa265,pessoa265@email.com,28
Pessoa266,pessoa266@email.com,27
Pessoa267,pessoa267@email.com,22
Pessoa268,pessoa268@email.com,61
Pessoa269,pessoa269@email.com,19
Pessoa270,pessoa270@email.com,41
Pessoa271,pessoa271@email.com,65
Pessoa272,pessoa272@email.com,24
Pessoa273,pessoa273@email.com,39
Pessoa274,pessoa274@email.com,37
Pessoa275,pessoa275@email.com,56
Pessoa276,pessoa276@email.com,28
Pessoa277,pessoa277@email.com,65
Pessoa278,pessoa278@email.com,34
Pessoa279,pessoa279@email.com,51
Pessoa280,pessoa280@email.com,18
Pessoa281,pessoa281@email.com,45
Pessoa282,pessoa282@email.com,48
Pessoa283,pessoa283@email.com,29
Pessoa284,pessoa284@email.com,26
Pessoa285,pessoa285@email.com,20
Pessoa286,pessoa286@email.com,36
Pessoa287,pessoa287@email.com,51
Pessoa288,pessoa288@email.com,65
Pessoa289,pessoa289@email.com,23
Pessoa290,pessoa290@email.com,63
Pessoa291,pessoa291@email.com,58
Pessoa292,pessoa292@email.com,55
Pessoa293,pessoa293@email.com,55
Pessoa294,pessoa294@email.com,38
Pessoa295,pessoa295@email.com,42
Pessoa296,pessoa296@email.com,33
Pessoa297,pessoa297@email.com,39
Pessoa298,pessoa298@email.com,53
Pessoa299,pessoa299@email.com,23
Pessoa300,pessoa300@email.com,39
Pessoa301,pessoa301@email.com,63
Pessoa302,pessoa302@email.com,44
Pessoa303,pessoa303@email.com,51
Pessoa304,pessoa304@email.com,26
Pessoa305,pessoa305@email.com,60
Pessoa306,pessoa306@email.com,51
Pessoa307,pessoa307@email.com,46
Pessoa308,pessoa308@email.com,23
Pessoa309,pessoa309@email.com,60
Pessoa310,pessoa310@email.com,37
Pessoa311,pessoa311@email.com,56
Pessoa312,pessoa312@email.com,38
Pessoa313,pessoa313@email.com,50
Pessoa314,pessoa314@email.com,56
Pessoa315,pessoa315@email.com,29
Pessoa316,pessoa316@email.com,40
Pessoa317,pessoa317@email.com,55
Pessoa318,pessoa318@email.com,32
Pessoa319,pessoa319@email.com,64
Pessoa320,pessoa320@email.com,60
Pessoa321,pessoa321@email.com,34
Pessoa322,pessoa322@email.com,25
Pessoa323,pessoa323@email.com,32
Pessoa324,pessoa324@email.com,51
Pessoa325,pessoa325@email.com,51
Pessoa326,pessoa326@email.com,33
Pessoa327,pessoa327@email.com,41
Pessoa328,pessoa328@email.com,30
Pessoa329,pessoa329@email.com,22
Pessoa330,pessoa330@email.com,44
Pessoa331,pessoa331@email.com,26
Pessoa332,pessoa332@email.com,28
Pessoa333,pessoa333@email.com,59
Pessoa334,pessoa334@email.com,31
Pessoa335,pessoa335@email.com,60
Pessoa336,pessoa336@email.com,41
Pessoa337,pessoa337@email.com,40
Pessoa338,pessoa338@email.com,37
Pessoa339,pessoa339@email.com,62
Pessoa340,pessoa340@email.com,42
Pessoa341,pessoa341@email.com,18
Pessoa342,pessoa342@email.com,57
Pessoa343,pessoa343@email.com,42
Pessoa344,pessoa344@email.com,26
Pessoa345,pessoa345@email.com,20
Pessoa346,pessoa346@email.com,42
Pessoa347,pessoa347@email.com,22
Pessoa348,pessoa348@email.com,50
Pessoa349,pessoa349@email.com,47
Pessoa350,pessoa350@email.com,38
Pessoa351,pessoa351@email.com,26
Pessoa352,pessoa352@email.com,20
Pessoa353,pessoa353@email.com,43
Pessoa354,pessoa354@email.com,46
Pessoa355,pessoa355@email.com,58
Pessoa356,pessoa356@email.com,54
Pessoa357,pessoa357@email.com,54
Pessoa358,pessoa358@email.com,55
Pessoa359,pessoa359@email.com,51
Pessoa360,pessoa360@email.com,44
Pessoa361,pessoa361@email.com,44
Pessoa362,pessoa362@email.com,19
Pessoa363,pessoa363@email.com,31
Pessoa364,pessoa364@email.com,32
Pessoa365,pessoa365@email.com,58
Pessoa366,pessoa366@email.com,23
Pessoa367,pessoa367@email.com,42
Pessoa368,pessoa368@email.com,58
Pessoa369,pessoa369@email.com,23
Pessoa370,pessoa370@email.com,36
Pessoa371,pessoa371@email.com,33
Pessoa372,pessoa372@email.com,52
Pessoa373,pessoa373@email.com,60
Pessoa374,pessoa374@email.com,47
Pessoa375,pessoa375@email.com,55
Pessoa376,pessoa376@email.com,61
Pessoa377,pessoa377@email.com,44
Pessoa378,pessoa378@email.com,63
Pessoa379,pessoa379@email.com,60
Pessoa380,pessoa380@email.com,47
Pessoa381,pessoa381@email.com,44
Pessoa382,pessoa382@email.com,53
Pessoa383,pessoa383@email.com,35
Pessoa384,pessoa384@email.com,56
Pessoa385,pessoa385@email.com,42
Pessoa386,pessoa386@email.com,55
Pessoa387,pessoa387@email.com,52
Pessoa388,pessoa388@email.com,63
Pessoa389,pessoa389@email.com,43
Pessoa390,pessoa390@email.com,45
Pessoa391,pessoa391@email.com,30
Pessoa392,pessoa392@email.com,64
Pessoa393,pessoa393@email.com,19
Pessoa394,pessoa394@email.com,53
Pessoa395,pessoa395@email.com,35
Pessoa396,pessoa396@email.com,59
Pessoa397,pessoa397@email.com,57
Pessoa398,pessoa398@email.com,18
Pessoa399,pessoa399@email.com,35
Pessoa400,pessoa400@email.com,37
Pessoa401,pessoa401@email.com,45
Pessoa402,pessoa402@email.com,37
Pessoa403,pessoa403@email.com,63
Pessoa404,pessoa404@email.com,31
Pessoa405,pessoa405@email.com,23
Pessoa406,pessoa406@email.com,38
Pessoa407,pessoa407@email.com,39
Pessoa408,pessoa408@email.com,50
Pessoa409,pessoa409@email.com,55
Pessoa410,pessoa410@email.com,18
Pessoa411,pessoa411@email.com,33
Pessoa412,pessoa412@email.com,41
Pessoa413,pessoa413@email.com,18
Pessoa414,pessoa414@email.com,23
Pessoa415,pessoa415@email.com,27
Pessoa416,pessoa416@email.com,46
Pessoa417,pessoa417@email.com,43
Pessoa418,pessoa418@email.com,24
Pessoa419,pessoa419@email.com,40
Pessoa420,pessoa420@email.com,30
Pessoa421,pessoa421@email.com,54
Pessoa422,pessoa422@email.com,50
Pessoa423,pessoa423@email.com,29
Pessoa424,pessoa424@email.com,28
Pessoa425,pessoa425@email.com,64
Pessoa426,pessoa426@email.com,54
Pessoa427,pessoa427@email.com,52
Pessoa428,pessoa428@email.com,54
Pessoa429,pessoa429@email.com,36
Pessoa430,pessoa430@email.com,56
Pessoa431,pessoa431@email.com,40
Pessoa432,pessoa432@email.com,65
Pessoa433,pessoa433@email.com,61
Pessoa434,pessoa434@email.com,57
Pessoa435,pessoa435@email.com,40
Pessoa436,pessoa436@email.com,42
Pessoa437,pessoa437@email.com,49
Pessoa438,pessoa438@email.com,23
Pessoa439,pessoa439@email.com,30
Pessoa440,pessoa440@email.com,23
Pessoa441,pessoa441@email.com,64
Pessoa442,pessoa442@email.com,62
Pessoa443,pessoa443@email.com,43
Pessoa444,pessoa444@email.com,57
Pessoa445,pessoa445@email.com,37
Pessoa446,pessoa446@email.com,61
Pessoa447,pessoa447@email.com,34
Pessoa448,pessoa448@email.com,21
Pessoa449,pessoa449@email.com,31
Pessoa450,pessoa450@email.com,40
Pessoa451,pessoa451@email.com,18
Pessoa452,pessoa452@email.com,37
Pessoa453,pessoa453@email.com,65
Pessoa454,pessoa454@email.com,18
Pessoa455,pessoa455@email.com,20
Pessoa456,pessoa456@email.com,25
Pessoa457,pessoa457@email.com,62
Pessoa458,pessoa458@email.com,26
Pessoa459,pessoa459@email.com,61
Pessoa460,pessoa460@email.com,29
Pessoa461,pessoa461@email.com,57
Pessoa462,pessoa462@email.com,55
Pessoa463,pessoa463@email.com,43
Pessoa464,pessoa464@email.com,38
Pessoa465,pessoa465@email.com,65
Pessoa466,pessoa466@email.com,29
Pessoa467,pessoa467@email.com,28
Pessoa468,pessoa468@email.com,36
Pessoa469,pessoa469@email.com,49
Pessoa470,pessoa470@email.com,55
Pessoa471,pessoa471@email.com,51
Pessoa472,pessoa472@email.com,52
Pessoa473,pessoa473@email.com,36
Pessoa474,pessoa474@email.com,52
Pessoa475,pessoa475@email.com,57
Pessoa476,pessoa476@email.com,29
Pessoa477,pessoa477@email.com,26
Pessoa478,pessoa478@email.com,25
Pessoa479,pessoa479@email.com,27
Pessoa480,pessoa480@email.com,57
Pessoa481,pessoa481@email.com,25
Pessoa482,pessoa482@email.com,36
Pessoa483,pessoa483@email.com,59
Pessoa484,pessoa484@email.com,47
Pessoa485,pessoa485@email.com,18
Pessoa486,pessoa486@email.com,20
Pessoa487,pessoa487@email.com,41
Pessoa488,pessoa488@email.com,19
Pessoa489,pessoa489@email.com,27
Pessoa490,pessoa490@email.com,49
Pessoa491,pessoa491@email.com,64
Pessoa492,pessoa492@email.com,25
Pessoa493,pessoa493@email.com,18
Pessoa494,pessoa494@email.com,26
Pessoa495,pessoa495@email.com,59
Pessoa496,pessoa496@email.com,59
Pessoa497,pessoa497@email.com,24
Pessoa498,pessoa498@email.com,49
Pessoa499,pessoa499@email.com,21
Pessoa500,pessoa500@email.com,31
Pessoa501,pessoa501@email.com,56
Pessoa502,pessoa502@email.com,48
Pessoa503,pessoa503@email.com,23
Pessoa504,pessoa504@email.com,20
Pessoa505,pessoa505@email.com,59
Pessoa506,pessoa506@email.com,57
Pessoa507,pessoa507@email.com,23
Pessoa508,pessoa508@email.com,28
Pessoa509,pessoa509@email.com,25
Pessoa510,pessoa510@email.com,27
Pessoa511,pessoa511@email.com,28
Pessoa512,pessoa512@email.com,49
Pessoa513,pessoa513@email.com,41
Pessoa514,pessoa514@email.com,24
Pessoa515,pessoa515@email.com,30
Pessoa516,pessoa516@email.com,22
Pessoa517,pessoa517@email.com,30
Pessoa518,pessoa518@email.com,54
Pessoa519,pessoa519@email.com,35
Pessoa520,pessoa520@email.com,37
Pessoa521,pessoa521@email.com,18
Pessoa522,pessoa522@email.com,28
Pessoa523,pessoa523@email.com,46
Pessoa524,pessoa524@email.com,49
Pessoa525,pessoa525@email.com,60
Pessoa526,pessoa526@email.com,36
Pessoa527,pessoa527@email.com,21
Pessoa528,pessoa528@email.com,54
Pessoa529,pessoa529@email.com,48
Pessoa530,pessoa530@email.com,43
Pessoa531,pessoa531@email.com,26
Pessoa532,pessoa532@email.com,18
Pessoa533,pessoa533@email.com,58
Pessoa534,pessoa534@email.com,46
Pessoa535,pessoa535@email.com,21
Pessoa536,pessoa536@email.com,47
Pessoa537,pessoa537@email.com,39
Pessoa538,pessoa538@email.com,65
Pessoa539,pessoa539@email.com,31
Pessoa540,pessoa540@email.com,22
Pessoa541,pessoa541@email.com,44
Pessoa542,pessoa542@email.com,62
Pessoa543,pessoa543@email.com,52
Pessoa544,pessoa544@email.com,64
Pessoa545,pessoa545@email.com,38
Pessoa546,pessoa546@email.com,61
Pessoa547,pessoa547@email.com,23
Pessoa548,pessoa548@email.com,39
Pessoa549,pessoa549@email.com,47
Pessoa550,pessoa550@email.com,62
Pessoa551,pessoa551@email.com,31
Pessoa552,pessoa552@email.com,32
Pessoa553,pessoa553@email.com,48
Pessoa554,pessoa554@email.com,63
Pessoa555,pessoa555@email.com,49
Pessoa556,pessoa556@email.com,21
Pessoa557,pessoa557@email.com,31
Pessoa558,pessoa558@email.com,49
Pessoa559,pessoa559@email.com,40
Pessoa560,pessoa560@email.com,62
Pessoa561,pessoa561@email.com,54
Pessoa562,pessoa562@email.com,36
Pessoa563,pessoa563@email.com,27
Pessoa564,pessoa564@email.com,33
Pessoa565,pessoa565@email.com,30
Pessoa566,pessoa566@email.com,34
Pessoa567,pessoa567@email.com,26
Pessoa568,pessoa568@email.com,65
Pessoa569,pessoa569@email.com,44
Pessoa570,pessoa570@email.com,37
Pessoa571,pessoa571@email.com,27
Pessoa572,pessoa572@email.com,47
Pessoa573,pessoa573@email.com,20
Pessoa574,pessoa574@email.com,49
Pessoa575,pessoa575@email.com,51
Pessoa576,pessoa576@email.com,50
Pessoa577,pessoa577@email.com,38
Pessoa578,pessoa578@email.com,42
Pessoa579,pessoa579@email.com,51
Pessoa580,pessoa580@email.com,20
Pessoa581,pessoa581@email.com,58
Pessoa582,pessoa582@email.com,56
Pessoa583,pessoa583@email.com,37
Pessoa584,pessoa584@email.com,51
Pessoa585,pessoa585@email.com,36
Pessoa586,pessoa586@email.com,52
Pessoa587,pessoa587@email.com,19
Pessoa588,pessoa588@email.com,57
Pessoa589,pessoa589@email.com,37
Pessoa590,pessoa590@email.com,61
Pessoa591,pessoa591@email.com,39
Pessoa592,pessoa592@email.com,26
Pessoa593,pessoa593@email.com,26
Pessoa594,pessoa594@email.com,60
Pessoa595,pessoa595@email.com,44
Pessoa596,pessoa596@email.com,21
Pessoa597,pessoa597@email.com,36
Pessoa598,pessoa598@email.com,65
Pessoa599,pessoa599@email.com,26
Pessoa600,pessoa600@email.com,19
Pessoa601,pessoa601@email.com,54
Pessoa602,pessoa602@email.com,50
Pessoa603,pessoa603@email.com,42
Pessoa604,pessoa604@email.com,48
Pessoa605,pessoa605@email.com,43
Pessoa606,pessoa606@email.com,32
Pessoa607,pessoa607@email.com,22
Pessoa608,pessoa608@email.com,45
Pessoa609,pessoa609@email.com,50
Pessoa610,pessoa610@email.com,60
Pessoa611,pessoa611@email.com,37
Pessoa612,pessoa612@email.com,63
Pessoa613,pessoa613@email.com,49
Pessoa614,pessoa614@email.com,44
Pessoa615,pessoa615@email.com,29
Pessoa616,pessoa616@email.com,60
Pessoa617,pessoa617@email.com,26
Pessoa618,pessoa618@email.com,30
Pessoa619,pessoa619@email.com,36
Pessoa620,pessoa620@email.com,53
Pessoa621,pessoa621@email.com,49
Pessoa622,pessoa622@email.com,29
Pessoa623,pessoa623@email.com,26
Pessoa624,pessoa624@email.com,49
Pessoa625,pessoa625@email.com,50
Pessoa626,pessoa626@email.com,60
Pessoa627,pessoa627@email.com,40
Pessoa628,pessoa628@email.com,39
Pessoa629,pessoa629@email.com,60
Pessoa630,pessoa630@email.com,40
Pessoa631,pessoa631@email.com,56
Pessoa632,pessoa632@email.com,65
Pessoa633,pessoa633@email.com,22
Pessoa634,pessoa634@email.com,63
Pessoa635,pessoa635@email.com,29
Pessoa636,pessoa636@email.com,51
Pessoa637,pessoa637@email.com,52
Pessoa638,pessoa638@email.com,42
Pessoa639,pessoa639@email.com,27
Pessoa640,pessoa640@email.com,26
Pessoa641,pessoa641@email.com,22
Pessoa642,pessoa642@email.com,34
Pessoa643,pessoa643@email.com,46
Pessoa644,pessoa644@email.com,21
Pessoa645,pessoa645@email.com,57
Pessoa646,pessoa646@email.com,50
Pessoa647,pessoa647@email.com,25
Pessoa648,pessoa648@email.com,39
Pessoa649,pessoa649@email.com,50
Pessoa650,pessoa650@email.com,23
Pessoa651,pessoa651@email.com,20
Pessoa652,pessoa652@email.com,62
Pessoa653,pessoa653@email.com,33
Pessoa654,pessoa654@email.com,19
Pessoa655,pessoa655@email.com,20
Pessoa656,pessoa656@email.com,59
Pessoa657,pessoa657@email.com,22
Pessoa658,pessoa658@email.com,32
Pessoa659,pessoa659@email.com,44
Pessoa660,pessoa660@email.com,31
Pessoa661,pessoa661@email.com,42
Pessoa662,pessoa662@email.com,24
Pessoa663,pessoa663@email.com,39
Pessoa664,pessoa664@email.com,38
Pessoa665,pessoa665@email.com,38
Pessoa666,pessoa666@email.com,23
Pessoa667,pessoa667@email.com,61
Pessoa668,pessoa668@email.com,64
Pessoa669,pessoa669@email.com,48
Pessoa670,pessoa670@email.com,38
Pessoa671,pessoa671@email.com,47
Pessoa672,pessoa672@email.com,22
Pessoa673,pessoa673@email.com,62
Pessoa674,pessoa674@email.com,65
Pessoa675,pessoa675@email.com,21
Pessoa676,pessoa676@email.com,26
Pessoa677,pessoa677@email.com,55
Pessoa678,pessoa678@email.com,32
Pessoa679,pessoa679@email.com,39
Pessoa680,pessoa680@email.com,29
Pessoa681,pessoa681@email.com,25
Pessoa682,pessoa682@email.com,34
Pessoa683,pessoa683@email.com,62
Pessoa684,pessoa684@email.com,33
Pessoa685,pessoa685@email.com,35
Pessoa686,pessoa686@email.com,35
Pessoa687,pessoa687@email.com,38
Pessoa688,pessoa688@email.com,24
Pessoa689,pessoa689@email.com,29
Pessoa690,pessoa690@email.com,49
Pessoa691,pessoa691@email.com,55
Pessoa692,pessoa692@email.com,65
Pessoa693,pessoa693@email.com,42
Pessoa694,pessoa694@email.com,28
Pessoa695,pessoa695@email.com,46
Pessoa696,pessoa696@email.com,37
Pessoa697,pessoa697@email.com,39
Pessoa698,pessoa698@email.com,22
Pessoa699,pessoa699@email.com,22
Pessoa700,pessoa700@email.com,48
Pessoa701,pessoa701@email.com,54
Pessoa702,pessoa702@email.com,50
Pessoa703,pessoa703@email.com,46
Pessoa704,pessoa704@email.com,24
Pessoa705,pessoa705@email.com,48
Pessoa706,pessoa706@email.com,48
Pessoa707,pessoa707@email.com,46
Pessoa708,pessoa708@email.com,58
Pessoa709,pessoa709@email.com,19
Pessoa710,pessoa710@email.com,65
Pessoa711,pessoa711@email.com,62
Pessoa712,pessoa712@email.com,49
Pessoa713,pessoa713@email.com,60
Pessoa714,pessoa714@email.com,42
Pessoa715,pessoa715@email.com,25
Pessoa716,pessoa716@email.com,42
Pessoa717,pessoa717@email.com,58
Pessoa718,pessoa718@email.com,41
Pessoa719,pessoa719@email.com,18
Pessoa720,pessoa720@email.com,46
Pessoa721,pessoa721@email.com,51
Pessoa722,pessoa722@email.com,45
Pessoa723,pessoa723@email.com,64
Pessoa724,pessoa724@email.com,49
Pessoa725,pessoa725@email.com,45
Pessoa726,pessoa726@email.com,46
Pessoa727,pessoa727@email.com,28
Pessoa728,pessoa728@email.com,56
Pessoa729,pessoa729@email.com,35
Pessoa730,pessoa730@email.com,50
Pessoa731,pessoa731@email.com,24
Pessoa732,pessoa732@email.com,25
Pessoa733,pessoa733@email.com,40
Pessoa734,pessoa734@email.com,53
Pessoa735,pessoa735@email.com,57
Pessoa736,pessoa736@email.com,22
Pessoa737,pessoa737@email.com,38
Pessoa738,pessoa738@email.com,44
Pessoa739,pessoa739@email.com,23
Pessoa740,pessoa740@email.com,59
Pessoa741,pessoa741@email.com,32
Pessoa742,pessoa742@email.com,33
Pessoa743,pessoa743@email.com,62
Pessoa744,pessoa744@email.com,53
Pessoa745,pessoa745@email.com,24
Pessoa746,pessoa746@email.com,61
Pessoa747,pessoa747@email.com,30
Pessoa748,pessoa748@email.com,51
Pessoa749,pessoa749@email.com,49
Pessoa750,pessoa750@email.com,63
Pessoa751,pessoa751@email.com,19
Pessoa752,pessoa752@email.com,52
Pessoa753,pessoa753@email.com,34
Pessoa754,pessoa754@email.com,22
Pessoa755,pessoa755@email.com,53
Pessoa756,pessoa756@email.com,61
Pessoa757,pessoa757@email.com,49
Pessoa758,pessoa758@email.com,43
Pessoa759,pessoa759@email.com,56
Pessoa760,pessoa760@email.com,29
Pessoa761,pessoa761@email.com,30
Pessoa762,pessoa762@email.com,29
Pessoa763,pessoa763@email.com,64
Pessoa764,pessoa764@email.com,24
Pessoa765,pessoa765@email.com,33
Pessoa766,pessoa766@email.com,49
Pessoa767,pessoa767@email.com,30
Pessoa768,pessoa768@email.com,25
Pessoa769,pessoa769@email.com,21
Pessoa770,pessoa770@email.com,61
Pessoa771,pessoa771@email.com,24
Pessoa772,pessoa772@email.com,58
Pessoa773,pessoa773@email.com,59
Pessoa774,pessoa774@email.com,57
Pessoa775,pessoa775@email.com,36
Pessoa776,pessoa776@email.com,22
Pessoa777,pessoa777@email.com,65
Pessoa778,pessoa778@email.com,52
Pessoa779,pessoa779@email.com,19
Pessoa780,pessoa780@email.com,21
Pessoa781,pessoa781@email.com,25
Pessoa782,pessoa782@email.com,29
Pessoa783,pessoa783@email.com,20
Pessoa784,pessoa784@email.com,37
Pessoa785,pessoa785@email.com,30
Pessoa786,pessoa786@email.com,33
Pessoa787,pessoa787@email.com,60
Pessoa788,pessoa788@email.com,50
Pessoa789,pessoa789@email.com,33
Pessoa790,pessoa790@email.com,25
Pessoa791,pessoa791@email.com,47
Pessoa792,pessoa792@email.com,26
Pessoa793,pessoa793@email.com,27
Pessoa794,pessoa794@email.com,46
Pessoa795,pessoa795@email.com,43
Pessoa796,pessoa796@email.com,39
Pessoa797,pessoa797@email.com,18
Pessoa798,pessoa798@email.com,51
Pessoa799,pessoa799@email.com,58
Pessoa800,pessoa800@email.com,51
Pessoa801,pessoa801@email.com,48
Pessoa802,pessoa802@email.com,52
Pessoa803,pessoa803@email.com,37
Pessoa804,pessoa804@email.com,20
Pessoa805,pessoa805@email.com,45
Pessoa806,pessoa806@email.com,19
Pessoa807,pessoa807@email.com,19
Pessoa808,pessoa808@email.com,19
Pessoa809,pessoa809@email.com,63
Pessoa810,pessoa810@email.com,55
Pessoa811,pessoa811@email.com,50
Pessoa812,pessoa812@email.com,65
Pessoa813,pessoa813@email.com,49
Pessoa814,pessoa814@email.com,39
Pessoa815,pessoa815@email.com,57
Pessoa816,pessoa816@email.com,50
Pessoa817,pessoa817@email.com,54
Pessoa818,pessoa818@email.com,33
Pessoa819,pessoa819@email.com,56
Pessoa820,pessoa820@email.com,50
Pessoa821,pessoa821@email.com,35
Pessoa822,pessoa822@email.com,25
Pessoa823,pessoa823@email.com,24
Pessoa824,pessoa824@email.com,46
Pessoa825,pessoa825@email.com,20
Pessoa826,pessoa826@email.com,44
Pessoa827,pessoa827@email.com,59
Pessoa828,pessoa828@email.com,27
Pessoa829,pessoa829@email.com,41
Pessoa830,pessoa830@email.com,36
Pessoa831,pessoa831@email.com,33
Pessoa832,pessoa832@email.com,46
Pessoa833,pessoa833@email.com,19
Pessoa834,pessoa834@email.com,53
Pessoa835,pessoa835@email.com,50
Pessoa836,pessoa836@email.com,44
Pessoa837,pessoa837@email.com,48
Pessoa838,pessoa838@email.com,44
Pessoa839,pessoa839@email.com,45
Pessoa840,pessoa840@email.com,63
Pessoa841,pessoa841@email.com,31
Pessoa842,pessoa842@email.com,39
Pessoa843,pessoa843@email.com,47
Pessoa844,pessoa844@email.com,36
Pessoa845,pessoa845@email.com,25
Pessoa846,pessoa846@email.com,26
Pessoa847,pessoa847@email.com,29
Pessoa848,pessoa848@email.com,23
Pessoa849,pessoa849@email.com,58
Pessoa850,pessoa850@email.com,59
Pessoa851,pessoa851@email.com,48
Pessoa852,pessoa852@email.com,45
Pessoa853,pessoa853@email.com,20
Pessoa854,pessoa854@email.com,34
Pessoa855,pessoa855@email.com,56
Pessoa856,pessoa856@email.com,56
Pessoa857,pessoa857@email.com,54
Pessoa858,pessoa858@email.com,27
Pessoa859,pessoa859@email.com,20
Pessoa860,pessoa860@email.com,32
Pessoa861,pessoa861@email.com,55
Pessoa862,pessoa862@email.com,18
Pessoa863,pessoa863@email.com,22
Pessoa864,pessoa864@email.com,63
Pessoa865,pessoa865@email.com,47
Pessoa866,pessoa866@email.com,58
Pessoa867,pessoa867@email.com,35
Pessoa868,pessoa868@email.com,52
Pessoa869,pessoa869@email.com,31
Pessoa870,pessoa870@email.com,46
Pessoa871,pessoa871@email.com,21
Pessoa872,pessoa872@email.com,38
Pessoa873,pessoa873@email.com,57
Pessoa874,pessoa874@email.com,34
Pessoa875,pessoa875@email.com,60
Pessoa876,pessoa876@email.com,28
Pessoa877,pessoa877@email.com,41
Pessoa878,pessoa878@email.com,31
Pessoa879,pessoa879@email.com,47
Pessoa880,pessoa880@email.com,19
Pessoa881,pessoa881@email.com,23
Pessoa882,pessoa882@email.com,34
Pessoa883,pessoa883@email.com,38
Pessoa884,pessoa884@email.com,37
Pessoa885,pessoa885@email.com,59
Pessoa886,pessoa886@email.com,22
Pessoa887,pessoa887@email.com,35
Pessoa888,pessoa888@email.com,46
Pessoa889,pessoa889@email.com,65
Pessoa890,pessoa890@email.com,45
Pessoa891,pessoa891@email.com,25
Pessoa892,pessoa892@email.com,19
Pessoa893,pessoa893@email.com,34
Pessoa894,pessoa894@email.com,45
Pessoa895,pessoa895@email.com,58
Pessoa896,pessoa896@email.com,36
Pessoa897,pessoa897@email.com,39
Pessoa898,pessoa898@email.com,42
Pessoa899,pessoa899@email.com,57
Pessoa900,pessoa900@email.com,65
Pessoa901,pessoa901@email.com,62
Pessoa902,pessoa902@email.com,41
Pessoa903,pessoa903@email.com,35
Pessoa904,pessoa904@email.com,38
Pessoa905,pessoa905@email.com,50
Pessoa906,pessoa906@email.com,22
Pessoa907,pessoa907@email.com,21
Pessoa908,pessoa908@email.com,54
Pessoa909,pessoa909@email.com,46
Pessoa910,pessoa910@email.com,30
Pessoa911,pessoa911@email.com,41
Pessoa912,pessoa912@email.com,61
Pessoa913,pessoa913@email.com,55
Pessoa914,pessoa914@email.com,61
Pessoa915,pessoa915@email.com,57
Pessoa916,pessoa916@email.com,37
Pessoa917,pessoa917@email.com,28
Pessoa918,pessoa918@email.com,46
Pessoa919,pessoa919@email.com,63
Pessoa920,pessoa920@email.com,54
Pessoa921,pessoa921@email.com,31
Pessoa922,pessoa922@email.com,31
Pessoa923,pessoa923@email.com,47
Pessoa924,pessoa924@email.com,54
Pessoa925,pessoa925@email.com,51
Pessoa926,pessoa926@email.com,25
Pessoa927,pessoa927@email.com,40
Pessoa928,pessoa928@email.com,61
Pessoa929,pessoa929@email.com,33
Pessoa930,pessoa930@email.com,43
Pessoa931,pessoa931@email.com,62
Pessoa932,pessoa932@email.com,29
Pessoa933,pessoa933@email.com,23
Pessoa934,pessoa934@email.com,61
Pessoa935,pessoa935@email.com,62
Pessoa936,pessoa936@email.com,62
Pessoa937,pessoa937@email.com,34
Pessoa938,pessoa938@email.com,33
Pessoa939,pessoa939@email.com,31
Pessoa940,pessoa940@email.com,35
Pessoa941,pessoa941@email.com,32
Pessoa942,pessoa942@email.com,56
Pessoa943,pessoa943@email.com,18
Pessoa944,pessoa944@email.com,22
Pessoa945,pessoa945@email.com,34
Pessoa946,pessoa946@email.com,20
Pessoa947,pessoa947@email.com,38
Pessoa948,pessoa948@email.com,65
Pessoa949,pessoa949@email.com,56
Pessoa950,pessoa950@email.com,43
Pessoa951,pessoa951@email.com,35
Pessoa952,pessoa952@email.com,47
Pessoa953,pessoa953@email.com,62
Pessoa954,pessoa954@email.com,34
Pessoa955,pessoa955@email.com,21
Pessoa956,pessoa956@email.com,54
Pessoa957,pessoa957@email.com,59
Pessoa958,pessoa958@email.com,36
Pessoa959,pessoa959@email.com,52
Pessoa960,pessoa960@email.com,58
Pessoa961,pessoa961@email.com,31
Pessoa962,pessoa962@email.com,33
Pessoa963,pessoa963@email.com,60
Pessoa964,pessoa964@email.com,62
Pessoa965,pessoa965@email.com,32
Pessoa966,pessoa966@email.com,45
Pessoa967,pessoa967@email.com,60
Pessoa968,pessoa968@email.com,43
Pessoa969,pessoa969@email.com,47
Pessoa970,pessoa970@email.com,55
Pessoa971,pessoa971@email.com,61
Pessoa972,pessoa972@email.com,19
Pessoa973,pessoa973@email.com,35
Pessoa974,pessoa974@email.com,56
Pessoa975,pessoa975@email.com,35
Pessoa976,pessoa976@email.com,57
Pessoa977,pessoa977@email.com,57
Pessoa978,pessoa978@email.com,45
Pessoa979,pessoa979@email.com,42
Pessoa980,pessoa980@email.com,23
Pessoa981,pessoa981@email.com,44
Pessoa982,pessoa982@email.com,62
Pessoa983,pessoa983@email.com,63
Pessoa984,pessoa984@email.com,18
Pessoa985,pessoa985@email.com,46
Pessoa986,pessoa986@email.com,53
Pessoa987,pessoa987@email.com,56
Pessoa988,pessoa988@email.com,57
Pessoa989,pessoa989@email.com,49
Pessoa990,pessoa990@email.com,28
Pessoa991,pessoa991@email.com,47
Pessoa992,pessoa992@email.com,23
Pessoa993,pessoa993@email.com,39
Pessoa994,pessoa994@email.com,40
Pessoa995,pessoa995@email.com,52
Pessoa996,pessoa996@email.com,29
Pessoa997,pessoa997@email.com,63
Pessoa998,pessoa998@email.com,25
Pessoa999,pessoa999@email.com,57
Pessoa1000,pessoa1000@email.com,41
